model,config,sum_rmse,rmse_lo,rmse_hi,time_s,status
NN,"{""hidden_sizes"": [32], ""lr"": 0.001, ""epochs"": 100, ""batch_size"": 32}",0.36533,0.32814,0.40252,3.06,ok
NN,"{""hidden_sizes"": [32], ""lr"": 0.001, ""epochs"": 100, ""batch_size"": 64}",0.42859,0.3475,0.50967,1.3,ok
NN,"{""hidden_sizes"": [32], ""lr"": 0.001, ""epochs"": 100, ""batch_size"": 128}",0.42586,0.34107,0.51066,0.79,ok
NN,"{""hidden_sizes"": [32], ""lr"": 0.001, ""epochs"": 100, ""batch_size"": 256}",0.42586,0.34107,0.51066,1.01,ok
NN,"{""hidden_sizes"": [32], ""lr"": 0.001, ""epochs"": 200, ""batch_size"": 32}",0.21602,0.25684,0.1752,5.82,ok
NN,"{""hidden_sizes"": [32], ""lr"": 0.001, ""epochs"": 200, ""batch_size"": 64}",0.31651,0.2935,0.33952,2.48,ok
NN,"{""hidden_sizes"": [32], ""lr"": 0.001, ""epochs"": 200, ""batch_size"": 128}",0.41491,0.33888,0.49094,1.55,ok
NN,"{""hidden_sizes"": [32], ""lr"": 0.001, ""epochs"": 200, ""batch_size"": 256}",0.41491,0.33888,0.49094,1.56,ok
NN,"{""hidden_sizes"": [32], ""lr"": 0.001, ""epochs"": 300, ""batch_size"": 32}",0.17746,0.19733,0.15758,6.47,ok
NN,"{""hidden_sizes"": [32], ""lr"": 0.001, ""epochs"": 300, ""batch_size"": 64}",0.21089,0.2427,0.17907,3.68,ok
NN,"{""hidden_sizes"": [32], ""lr"": 0.001, ""epochs"": 300, ""batch_size"": 128}",0.35274,0.30516,0.40031,2.35,ok
NN,"{""hidden_sizes"": [32], ""lr"": 0.001, ""epochs"": 300, ""batch_size"": 256}",0.35274,0.30516,0.40031,2.3,ok
NN,"{""hidden_sizes"": [32], ""lr"": 0.003, ""epochs"": 100, ""batch_size"": 32}",0.18242,0.20944,0.1554,2.14,ok
NN,"{""hidden_sizes"": [32], ""lr"": 0.003, ""epochs"": 100, ""batch_size"": 64}",0.24744,0.2547,0.24018,1.22,ok
NN,"{""hidden_sizes"": [32], ""lr"": 0.003, ""epochs"": 100, ""batch_size"": 128}",0.39464,0.31668,0.4726,0.79,ok
NN,"{""hidden_sizes"": [32], ""lr"": 0.003, ""epochs"": 100, ""batch_size"": 256}",0.39464,0.31668,0.4726,0.78,ok
NN,"{""hidden_sizes"": [32], ""lr"": 0.003, ""epochs"": 200, ""batch_size"": 32}",0.13798,0.14811,0.12786,4.23,ok
NN,"{""hidden_sizes"": [32], ""lr"": 0.003, ""epochs"": 200, ""batch_size"": 64}",0.15156,0.15699,0.14613,2.45,ok
NN,"{""hidden_sizes"": [32], ""lr"": 0.003, ""epochs"": 200, ""batch_size"": 128}",0.2144,0.22646,0.20235,1.54,ok
NN,"{""hidden_sizes"": [32], ""lr"": 0.003, ""epochs"": 200, ""batch_size"": 256}",0.2144,0.22646,0.20235,1.55,ok
NN,"{""hidden_sizes"": [32], ""lr"": 0.003, ""epochs"": 300, ""batch_size"": 32}",0.13534,0.13114,0.13955,6.4,ok
NN,"{""hidden_sizes"": [32], ""lr"": 0.003, ""epochs"": 300, ""batch_size"": 64}",0.14071,0.1384,0.14302,3.74,ok
NN,"{""hidden_sizes"": [32], ""lr"": 0.003, ""epochs"": 300, ""batch_size"": 128}",0.15716,0.16204,0.15228,3.93,ok
NN,"{""hidden_sizes"": [32], ""lr"": 0.003, ""epochs"": 300, ""batch_size"": 256}",0.15716,0.16204,0.15228,5.09,ok
NN,"{""hidden_sizes"": [64], ""lr"": 0.001, ""epochs"": 100, ""batch_size"": 32}",0.24786,0.29142,0.2043,3.47,ok
NN,"{""hidden_sizes"": [64], ""lr"": 0.001, ""epochs"": 100, ""batch_size"": 64}",0.36316,0.3345,0.39183,1.26,ok
NN,"{""hidden_sizes"": [64], ""lr"": 0.001, ""epochs"": 100, ""batch_size"": 128}",0.4542,0.36183,0.54657,0.78,ok
NN,"{""hidden_sizes"": [64], ""lr"": 0.001, ""epochs"": 100, ""batch_size"": 256}",0.4542,0.36183,0.54657,0.81,ok
NN,"{""hidden_sizes"": [64], ""lr"": 0.001, ""epochs"": 200, ""batch_size"": 32}",0.18283,0.21331,0.15234,4.28,ok
NN,"{""hidden_sizes"": [64], ""lr"": 0.001, ""epochs"": 200, ""batch_size"": 64}",0.20946,0.24752,0.17141,2.53,ok
NN,"{""hidden_sizes"": [64], ""lr"": 0.001, ""epochs"": 200, ""batch_size"": 128}",0.33988,0.32166,0.3581,1.6,ok
NN,"{""hidden_sizes"": [64], ""lr"": 0.001, ""epochs"": 200, ""batch_size"": 256}",0.33988,0.32166,0.3581,1.57,ok
NN,"{""hidden_sizes"": [64], ""lr"": 0.001, ""epochs"": 300, ""batch_size"": 32}",0.15288,0.16543,0.14033,11.64,ok
NN,"{""hidden_sizes"": [64], ""lr"": 0.001, ""epochs"": 300, ""batch_size"": 64}",0.16719,0.18097,0.1534,7.9,ok
NN,"{""hidden_sizes"": [64], ""lr"": 0.001, ""epochs"": 300, ""batch_size"": 128}",0.23039,0.2639,0.19689,5.07,ok
NN,"{""hidden_sizes"": [64], ""lr"": 0.001, ""epochs"": 300, ""batch_size"": 256}",0.23039,0.2639,0.19689,5.08,ok
NN,"{""hidden_sizes"": [64], ""lr"": 0.003, ""epochs"": 100, ""batch_size"": 32}",0.15944,0.17999,0.13889,3.3,ok
NN,"{""hidden_sizes"": [64], ""lr"": 0.003, ""epochs"": 100, ""batch_size"": 64}",0.17641,0.19845,0.15436,1.27,ok
NN,"{""hidden_sizes"": [64], ""lr"": 0.003, ""epochs"": 100, ""batch_size"": 128}",0.28804,0.28941,0.28666,0.78,ok
NN,"{""hidden_sizes"": [64], ""lr"": 0.003, ""epochs"": 100, ""batch_size"": 256}",0.28804,0.28941,0.28666,0.83,ok
NN,"{""hidden_sizes"": [64], ""lr"": 0.003, ""epochs"": 200, ""batch_size"": 32}",0.12255,0.13316,0.11194,4.31,ok
NN,"{""hidden_sizes"": [64], ""lr"": 0.003, ""epochs"": 200, ""batch_size"": 64}",0.13544,0.13248,0.1384,2.47,ok
NN,"{""hidden_sizes"": [64], ""lr"": 0.003, ""epochs"": 200, ""batch_size"": 128}",0.16347,0.17695,0.14999,1.57,ok
NN,"{""hidden_sizes"": [64], ""lr"": 0.003, ""epochs"": 200, ""batch_size"": 256}",0.16347,0.17695,0.14999,1.57,ok
NN,"{""hidden_sizes"": [64], ""lr"": 0.003, ""epochs"": 300, ""batch_size"": 32}",0.1107,0.10779,0.11362,6.42,ok
NN,"{""hidden_sizes"": [64], ""lr"": 0.003, ""epochs"": 300, ""batch_size"": 64}",0.12196,0.11242,0.13151,3.71,ok
NN,"{""hidden_sizes"": [64], ""lr"": 0.003, ""epochs"": 300, ""batch_size"": 128}",0.14208,0.14318,0.14098,2.32,ok
NN,"{""hidden_sizes"": [64], ""lr"": 0.003, ""epochs"": 300, ""batch_size"": 256}",0.14208,0.14318,0.14098,2.32,ok
NN,"{""hidden_sizes"": [128], ""lr"": 0.001, ""epochs"": 100, ""batch_size"": 32}",0.20633,0.23575,0.17691,2.21,ok
NN,"{""hidden_sizes"": [128], ""lr"": 0.001, ""epochs"": 100, ""batch_size"": 64}",0.24356,0.27405,0.21307,1.31,ok
NN,"{""hidden_sizes"": [128], ""lr"": 0.001, ""epochs"": 100, ""batch_size"": 128}",0.4582,0.32451,0.5919,0.81,ok
NN,"{""hidden_sizes"": [128], ""lr"": 0.001, ""epochs"": 100, ""batch_size"": 256}",0.4582,0.32451,0.5919,0.83,ok
NN,"{""hidden_sizes"": [128], ""lr"": 0.001, ""epochs"": 200, ""batch_size"": 32}",0.14347,0.14242,0.14453,4.35,ok
NN,"{""hidden_sizes"": [128], ""lr"": 0.001, ""epochs"": 200, ""batch_size"": 64}",0.16348,0.1691,0.15786,2.5,ok
NN,"{""hidden_sizes"": [128], ""lr"": 0.001, ""epochs"": 200, ""batch_size"": 128}",0.22655,0.25422,0.19889,1.6,ok
NN,"{""hidden_sizes"": [128], ""lr"": 0.001, ""epochs"": 200, ""batch_size"": 256}",0.22655,0.25422,0.19889,1.58,ok
NN,"{""hidden_sizes"": [128], ""lr"": 0.001, ""epochs"": 300, ""batch_size"": 32}",0.12969,0.12652,0.13286,6.53,ok
NN,"{""hidden_sizes"": [128], ""lr"": 0.001, ""epochs"": 300, ""batch_size"": 64}",0.13798,0.13377,0.14218,3.76,ok
NN,"{""hidden_sizes"": [128], ""lr"": 0.001, ""epochs"": 300, ""batch_size"": 128}",0.17363,0.18279,0.16446,2.34,ok
NN,"{""hidden_sizes"": [128], ""lr"": 0.001, ""epochs"": 300, ""batch_size"": 256}",0.17363,0.18279,0.16446,2.36,ok
NN,"{""hidden_sizes"": [128], ""lr"": 0.003, ""epochs"": 100, ""batch_size"": 32}",0.13411,0.13488,0.13333,2.18,ok
NN,"{""hidden_sizes"": [128], ""lr"": 0.003, ""epochs"": 100, ""batch_size"": 64}",0.14821,0.14591,0.15051,1.24,ok
NN,"{""hidden_sizes"": [128], ""lr"": 0.003, ""epochs"": 100, ""batch_size"": 128}",0.19814,0.21619,0.18009,0.81,ok
NN,"{""hidden_sizes"": [128], ""lr"": 0.003, ""epochs"": 100, ""batch_size"": 256}",0.19814,0.21619,0.18009,0.81,ok
NN,"{""hidden_sizes"": [128], ""lr"": 0.003, ""epochs"": 200, ""batch_size"": 32}",0.11646,0.1288,0.10413,4.32,ok
NN,"{""hidden_sizes"": [128], ""lr"": 0.003, ""epochs"": 200, ""batch_size"": 64}",0.12698,0.11082,0.14315,2.5,ok
NN,"{""hidden_sizes"": [128], ""lr"": 0.003, ""epochs"": 200, ""batch_size"": 128}",0.13725,0.13405,0.14045,1.56,ok
NN,"{""hidden_sizes"": [128], ""lr"": 0.003, ""epochs"": 200, ""batch_size"": 256}",0.13725,0.13405,0.14045,1.6,ok
NN,"{""hidden_sizes"": [128], ""lr"": 0.003, ""epochs"": 300, ""batch_size"": 32}",0.10483,0.10378,0.10587,6.49,ok
NN,"{""hidden_sizes"": [128], ""lr"": 0.003, ""epochs"": 300, ""batch_size"": 64}",0.11847,0.11118,0.12576,3.81,ok
NN,"{""hidden_sizes"": [128], ""lr"": 0.003, ""epochs"": 300, ""batch_size"": 128}",0.12379,0.11044,0.13714,2.43,ok
NN,"{""hidden_sizes"": [128], ""lr"": 0.003, ""epochs"": 300, ""batch_size"": 256}",0.12379,0.11044,0.13714,2.42,ok
NN,"{""hidden_sizes"": [256], ""lr"": 0.001, ""epochs"": 100, ""batch_size"": 32}",0.14948,0.14744,0.15153,2.24,ok
NN,"{""hidden_sizes"": [256], ""lr"": 0.001, ""epochs"": 100, ""batch_size"": 64}",0.18232,0.18592,0.17872,1.32,ok
NN,"{""hidden_sizes"": [256], ""lr"": 0.001, ""epochs"": 100, ""batch_size"": 128}",0.27006,0.27081,0.26931,1.05,ok
NN,"{""hidden_sizes"": [256], ""lr"": 0.001, ""epochs"": 100, ""batch_size"": 256}",0.27006,0.27081,0.26931,0.9,ok
NN,"{""hidden_sizes"": [256], ""lr"": 0.001, ""epochs"": 200, ""batch_size"": 32}",0.11251,0.10901,0.116,7.73,ok
NN,"{""hidden_sizes"": [256], ""lr"": 0.001, ""epochs"": 200, ""batch_size"": 64}",0.13456,0.12419,0.14494,5.37,ok
NN,"{""hidden_sizes"": [256], ""lr"": 0.001, ""epochs"": 200, ""batch_size"": 128}",0.16582,0.16356,0.16807,3.49,ok
NN,"{""hidden_sizes"": [256], ""lr"": 0.001, ""epochs"": 200, ""batch_size"": 256}",0.16582,0.16356,0.16807,3.51,ok
NN,"{""hidden_sizes"": [256], ""lr"": 0.001, ""epochs"": 300, ""batch_size"": 32}",0.11871,0.12795,0.10948,13.62,ok
NN,"{""hidden_sizes"": [256], ""lr"": 0.001, ""epochs"": 300, ""batch_size"": 64}",0.13247,0.1274,0.13754,7.39,ok
NN,"{""hidden_sizes"": [256], ""lr"": 0.001, ""epochs"": 300, ""batch_size"": 128}",0.13575,0.12797,0.14353,2.62,ok
NN,"{""hidden_sizes"": [256], ""lr"": 0.001, ""epochs"": 300, ""batch_size"": 256}",0.13575,0.12797,0.14353,2.63,ok
NN,"{""hidden_sizes"": [256], ""lr"": 0.003, ""epochs"": 100, ""batch_size"": 32}",0.11839,0.13575,0.10103,2.21,ok
NN,"{""hidden_sizes"": [256], ""lr"": 0.003, ""epochs"": 100, ""batch_size"": 64}",0.12006,0.10817,0.13195,1.28,ok
NN,"{""hidden_sizes"": [256], ""lr"": 0.003, ""epochs"": 100, ""batch_size"": 128}",0.15429,0.14867,0.1599,0.95,ok
NN,"{""hidden_sizes"": [256], ""lr"": 0.003, ""epochs"": 100, ""batch_size"": 256}",0.15429,0.14867,0.1599,0.86,ok
NN,"{""hidden_sizes"": [256], ""lr"": 0.003, ""epochs"": 200, ""batch_size"": 32}",0.09023,0.09574,0.08471,4.41,ok
NN,"{""hidden_sizes"": [256], ""lr"": 0.003, ""epochs"": 200, ""batch_size"": 64}",0.1265,0.13055,0.12245,2.53,ok
NN,"{""hidden_sizes"": [256], ""lr"": 0.003, ""epochs"": 200, ""batch_size"": 128}",0.12963,0.12006,0.1392,1.72,ok
NN,"{""hidden_sizes"": [256], ""lr"": 0.003, ""epochs"": 200, ""batch_size"": 256}",0.12963,0.12006,0.1392,1.7,ok
NN,"{""hidden_sizes"": [256], ""lr"": 0.003, ""epochs"": 300, ""batch_size"": 32}",0.10242,0.11792,0.08692,6.67,ok
NN,"{""hidden_sizes"": [256], ""lr"": 0.003, ""epochs"": 300, ""batch_size"": 64}",0.12184,0.13264,0.11103,3.85,ok
NN,"{""hidden_sizes"": [256], ""lr"": 0.003, ""epochs"": 300, ""batch_size"": 128}",0.13464,0.13238,0.1369,2.76,ok
NN,"{""hidden_sizes"": [256], ""lr"": 0.003, ""epochs"": 300, ""batch_size"": 256}",0.13464,0.13238,0.1369,2.65,ok
NN,"{""hidden_sizes"": [512], ""lr"": 0.001, ""epochs"": 100, ""batch_size"": 32}",0.12968,0.14049,0.11887,2.28,ok
NN,"{""hidden_sizes"": [512], ""lr"": 0.001, ""epochs"": 100, ""batch_size"": 64}",0.14262,0.14028,0.14495,2.67,ok
NN,"{""hidden_sizes"": [512], ""lr"": 0.001, ""epochs"": 100, ""batch_size"": 128}",0.19458,0.20651,0.18264,1.49,ok
NN,"{""hidden_sizes"": [512], ""lr"": 0.001, ""epochs"": 100, ""batch_size"": 256}",0.19458,0.20651,0.18264,1.81,ok
NN,"{""hidden_sizes"": [512], ""lr"": 0.001, ""epochs"": 200, ""batch_size"": 32}",0.13564,0.14718,0.1241,7.36,ok
NN,"{""hidden_sizes"": [512], ""lr"": 0.001, ""epochs"": 200, ""batch_size"": 64}",0.12899,0.12837,0.12961,5.35,ok
NN,"{""hidden_sizes"": [512], ""lr"": 0.001, ""epochs"": 200, ""batch_size"": 128}",0.1352,0.12729,0.14311,3.38,ok
NN,"{""hidden_sizes"": [512], ""lr"": 0.001, ""epochs"": 200, ""batch_size"": 256}",0.1352,0.12729,0.14311,3.6,ok
NN,"{""hidden_sizes"": [512], ""lr"": 0.001, ""epochs"": 300, ""batch_size"": 32}",0.11783,0.13087,0.10478,6.78,ok
NN,"{""hidden_sizes"": [512], ""lr"": 0.001, ""epochs"": 300, ""batch_size"": 64}",0.12981,0.12634,0.13329,7.79,ok
NN,"{""hidden_sizes"": [512], ""lr"": 0.001, ""epochs"": 300, ""batch_size"": 128}",0.13023,0.12068,0.13978,5.09,ok
NN,"{""hidden_sizes"": [512], ""lr"": 0.001, ""epochs"": 300, ""batch_size"": 256}",0.13023,0.12068,0.13978,4.89,ok
NN,"{""hidden_sizes"": [512], ""lr"": 0.003, ""epochs"": 100, ""batch_size"": 32}",0.22647,0.29944,0.15351,2.38,ok
NN,"{""hidden_sizes"": [512], ""lr"": 0.003, ""epochs"": 100, ""batch_size"": 64}",0.1138,0.12498,0.10262,2.63,ok
NN,"{""hidden_sizes"": [512], ""lr"": 0.003, ""epochs"": 100, ""batch_size"": 128}",0.12753,0.11876,0.1363,1.78,ok
NN,"{""hidden_sizes"": [512], ""lr"": 0.003, ""epochs"": 100, ""batch_size"": 256}",0.12753,0.11876,0.1363,1.72,ok
NN,"{""hidden_sizes"": [512], ""lr"": 0.003, ""epochs"": 200, ""batch_size"": 32}",0.1618,0.24337,0.08023,4.6,ok
NN,"{""hidden_sizes"": [512], ""lr"": 0.003, ""epochs"": 200, ""batch_size"": 64}",0.10447,0.11509,0.09386,5.34,ok
NN,"{""hidden_sizes"": [512], ""lr"": 0.003, ""epochs"": 200, ""batch_size"": 128}",0.12896,0.13022,0.1277,3.5,ok
NN,"{""hidden_sizes"": [512], ""lr"": 0.003, ""epochs"": 200, ""batch_size"": 256}",0.12896,0.13022,0.1277,3.63,ok
NN,"{""hidden_sizes"": [512], ""lr"": 0.003, ""epochs"": 300, ""batch_size"": 32}",0.13164,0.14805,0.11522,6.75,ok
NN,"{""hidden_sizes"": [512], ""lr"": 0.003, ""epochs"": 300, ""batch_size"": 64}",0.11667,0.11968,0.11367,7.54,ok
NN,"{""hidden_sizes"": [512], ""lr"": 0.003, ""epochs"": 300, ""batch_size"": 128}",0.13577,0.14298,0.12856,5.32,ok
NN,"{""hidden_sizes"": [512], ""lr"": 0.003, ""epochs"": 300, ""batch_size"": 256}",0.13577,0.14298,0.12856,4.97,ok
NN,"{""hidden_sizes"": [1024], ""lr"": 0.001, ""epochs"": 100, ""batch_size"": 32}",0.1343,0.1592,0.10939,4.75,ok
NN,"{""hidden_sizes"": [1024], ""lr"": 0.001, ""epochs"": 100, ""batch_size"": 64}",0.1216,0.13193,0.11126,2.87,ok
NN,"{""hidden_sizes"": [1024], ""lr"": 0.001, ""epochs"": 100, ""batch_size"": 128}",0.15511,0.14991,0.16032,1.65,ok
NN,"{""hidden_sizes"": [1024], ""lr"": 0.001, ""epochs"": 100, ""batch_size"": 256}",0.15511,0.14991,0.16032,1.92,ok
NN,"{""hidden_sizes"": [1024], ""lr"": 0.001, ""epochs"": 200, ""batch_size"": 32}",0.11535,0.1118,0.11891,9.46,ok
NN,"{""hidden_sizes"": [1024], ""lr"": 0.001, ""epochs"": 200, ""batch_size"": 64}",0.11952,0.13221,0.10682,5.5,ok
NN,"{""hidden_sizes"": [1024], ""lr"": 0.001, ""epochs"": 200, ""batch_size"": 128}",0.13881,0.13853,0.13909,3.52,ok
NN,"{""hidden_sizes"": [1024], ""lr"": 0.001, ""epochs"": 200, ""batch_size"": 256}",0.13881,0.13853,0.13909,3.64,ok
NN,"{""hidden_sizes"": [1024], ""lr"": 0.001, ""epochs"": 300, ""batch_size"": 32}",0.15161,0.21903,0.08418,13.42,ok
NN,"{""hidden_sizes"": [1024], ""lr"": 0.001, ""epochs"": 300, ""batch_size"": 64}",0.1281,0.14773,0.10846,8.25,ok
NN,"{""hidden_sizes"": [1024], ""lr"": 0.001, ""epochs"": 300, ""batch_size"": 128}",0.13152,0.13087,0.13217,5.12,ok
NN,"{""hidden_sizes"": [1024], ""lr"": 0.001, ""epochs"": 300, ""batch_size"": 256}",0.13152,0.13087,0.13217,5.07,ok
NN,"{""hidden_sizes"": [1024], ""lr"": 0.003, ""epochs"": 100, ""batch_size"": 32}",0.20185,0.21379,0.18991,4.6,ok
NN,"{""hidden_sizes"": [1024], ""lr"": 0.003, ""epochs"": 100, ""batch_size"": 64}",0.11623,0.1323,0.10016,2.75,ok
NN,"{""hidden_sizes"": [1024], ""lr"": 0.003, ""epochs"": 100, ""batch_size"": 128}",0.11887,0.12169,0.11605,1.75,ok
NN,"{""hidden_sizes"": [1024], ""lr"": 0.003, ""epochs"": 100, ""batch_size"": 256}",0.11887,0.12169,0.11605,1.71,ok
NN,"{""hidden_sizes"": [1024], ""lr"": 0.003, ""epochs"": 200, ""batch_size"": 32}",0.19979,0.16292,0.23666,9.32,ok
NN,"{""hidden_sizes"": [1024], ""lr"": 0.003, ""epochs"": 200, ""batch_size"": 64}",0.13982,0.15706,0.12258,5.56,ok
NN,"{""hidden_sizes"": [1024], ""lr"": 0.003, ""epochs"": 200, ""batch_size"": 128}",0.1432,0.15399,0.13241,3.42,ok
NN,"{""hidden_sizes"": [1024], ""lr"": 0.003, ""epochs"": 200, ""batch_size"": 256}",0.1432,0.15399,0.13241,3.48,ok
NN,"{""hidden_sizes"": [1024], ""lr"": 0.003, ""epochs"": 300, ""batch_size"": 32}",0.27839,0.31758,0.23921,14.19,ok
NN,"{""hidden_sizes"": [1024], ""lr"": 0.003, ""epochs"": 300, ""batch_size"": 64}",0.11775,0.13493,0.10057,8.3,ok
NN,"{""hidden_sizes"": [1024], ""lr"": 0.003, ""epochs"": 300, ""batch_size"": 128}",0.11861,0.13035,0.10687,5.1,ok
NN,"{""hidden_sizes"": [1024], ""lr"": 0.003, ""epochs"": 300, ""batch_size"": 256}",0.11861,0.13035,0.10687,5.71,ok
